,Time_Stamp,Present_Signals,Number_of_People
0,1900-01-01 00:00:00,0,0
1,1900-01-01 00:05:00,0,0
2,1900-01-01 00:10:00,0,0
3,1900-01-01 00:15:00,0,0
4,1900-01-01 00:20:00,0,0
5,1900-01-01 00:25:00,0,0
6,1900-01-01 00:30:00,0,0
7,1900-01-01 00:35:00,0,0
8,1900-01-01 00:40:00,0,0
9,1900-01-01 00:45:00,0,0
10,1900-01-01 00:50:00,0,0
11,1900-01-01 00:55:00,0,0
12,1900-01-01 01:00:00,0,0
13,1900-01-01 01:05:00,0,0
14,1900-01-01 01:10:00,0,0
15,1900-01-01 01:15:00,0,0
16,1900-01-01 01:20:00,0,0
17,1900-01-01 01:25:00,0,0
18,1900-01-01 01:30:00,0,0
19,1900-01-01 01:35:00,0,0
20,1900-01-01 01:40:00,0,0
21,1900-01-01 01:45:00,0,0
22,1900-01-01 01:50:00,0,0
23,1900-01-01 01:55:00,0,0
24,1900-01-01 02:00:00,0,0
25,1900-01-01 02:05:00,0,0
26,1900-01-01 02:10:00,0,0
27,1900-01-01 02:15:00,0,0
28,1900-01-01 02:20:00,0,0
29,1900-01-01 02:25:00,0,0
30,1900-01-01 02:30:00,0,0
31,1900-01-01 02:35:00,0,0
32,1900-01-01 02:40:00,0,0
33,1900-01-01 02:45:00,0,0
34,1900-01-01 02:50:00,0,0
35,1900-01-01 02:55:00,0,0
36,1900-01-01 03:00:00,0,0
37,1900-01-01 03:05:00,0,0
38,1900-01-01 03:10:00,0,0
39,1900-01-01 03:15:00,0,0
40,1900-01-01 03:20:00,0,0
41,1900-01-01 03:25:00,0,0
42,1900-01-01 03:30:00,0,0
43,1900-01-01 03:35:00,0,0
44,1900-01-01 03:40:00,0,0
45,1900-01-01 03:45:00,0,0
46,1900-01-01 03:50:00,0,0
47,1900-01-01 03:55:00,0,0
48,1900-01-01 04:00:00,0,0
49,1900-01-01 04:05:00,0,0
50,1900-01-01 04:10:00,0,0
51,1900-01-01 04:15:00,0,0
52,1900-01-01 04:20:00,0,0
53,1900-01-01 04:25:00,0,0
54,1900-01-01 04:30:00,0,0
55,1900-01-01 04:35:00,0,0
56,1900-01-01 04:40:00,0,0
57,1900-01-01 04:45:00,0,0
58,1900-01-01 04:50:00,0,0
59,1900-01-01 04:55:00,0,0
60,1900-01-01 05:00:00,0,0
61,1900-01-01 05:05:00,0,0
62,1900-01-01 05:10:00,0,0
63,1900-01-01 05:15:00,0,0
64,1900-01-01 05:20:00,0,0
65,1900-01-01 05:25:00,0,0
66,1900-01-01 05:30:00,0,0
67,1900-01-01 05:35:00,0,0
68,1900-01-01 05:40:00,0,0
69,1900-01-01 05:45:00,0,0
70,1900-01-01 05:50:00,0,0
71,1900-01-01 05:55:00,0,0
72,1900-01-01 06:00:00,0,0
73,1900-01-01 06:05:00,0,0
74,1900-01-01 06:10:00,0,0
75,1900-01-01 06:15:00,0,0
76,1900-01-01 06:20:00,0,0
77,1900-01-01 06:25:00,0,0
78,1900-01-01 06:30:00,0,0
79,1900-01-01 06:35:00,0,0
80,1900-01-01 06:40:00,0,0
81,1900-01-01 06:45:00,0,0
82,1900-01-01 06:50:00,0,0
83,1900-01-01 06:55:00,0,0
84,1900-01-01 07:00:00,222,0
85,1900-01-01 07:05:00,230,0
86,1900-01-01 07:10:00,247,0
87,1900-01-01 07:15:00,248,0
88,1900-01-01 07:20:00,235,0
89,1900-01-01 07:25:00,234,0
90,1900-01-01 07:30:00,233,0
91,1900-01-01 07:35:00,180,0
92,1900-01-01 07:40:00,207,0
93,1900-01-01 07:45:00,171,0
94,1900-01-01 07:50:00,193,0
95,1900-01-01 07:55:00,187,0
96,1900-01-01 08:00:00,157,603
97,1900-01-01 08:05:00,132,603
98,1900-01-01 08:10:00,138,603
99,1900-01-01 08:15:00,140,603
100,1900-01-01 08:20:00,146,603
101,1900-01-01 08:25:00,144,603
102,1900-01-01 08:30:00,153,603
103,1900-01-01 08:35:00,148,603
104,1900-01-01 08:40:00,156,603
105,1900-01-01 08:45:00,163,603
106,1900-01-01 08:50:00,163,603
107,1900-01-01 08:55:00,169,0
108,1900-01-01 09:00:00,188,1109
109,1900-01-01 09:05:00,197,1109
110,1900-01-01 09:10:00,222,1109
111,1900-01-01 09:15:00,213,1109
112,1900-01-01 09:20:00,222,1109
113,1900-01-01 09:25:00,223,1109
114,1900-01-01 09:30:00,202,1109
115,1900-01-01 09:35:00,229,1109
116,1900-01-01 09:40:00,240,1109
117,1900-01-01 09:45:00,243,1109
118,1900-01-01 09:50:00,240,1109
119,1900-01-01 09:55:00,236,88
120,1900-01-01 10:00:00,278,1649
121,1900-01-01 10:05:00,285,1649
122,1900-01-01 10:10:00,295,1649
123,1900-01-01 10:15:00,309,1649
124,1900-01-01 10:20:00,321,1649
125,1900-01-01 10:25:00,331,1649
126,1900-01-01 10:30:00,329,1649
127,1900-01-01 10:35:00,333,1649
128,1900-01-01 10:40:00,349,1649
129,1900-01-01 10:45:00,345,1649
130,1900-01-01 10:50:00,345,1649
131,1900-01-01 10:55:00,345,102
132,1900-01-01 11:00:00,371,1376
133,1900-01-01 11:05:00,421,1376
134,1900-01-01 11:10:00,388,1376
135,1900-01-01 11:15:00,390,1376
136,1900-01-01 11:20:00,398,1376
137,1900-01-01 11:25:00,411,1376
138,1900-01-01 11:30:00,415,1376
139,1900-01-01 11:35:00,423,1376
140,1900-01-01 11:40:00,415,1376
141,1900-01-01 11:45:00,406,1376
142,1900-01-01 11:50:00,396,1376
143,1900-01-01 11:55:00,397,0
144,1900-01-01 12:00:00,415,1120
145,1900-01-01 12:05:00,426,1120
146,1900-01-01 12:10:00,427,1120
147,1900-01-01 12:15:00,431,1120
148,1900-01-01 12:20:00,434,1120
149,1900-01-01 12:25:00,450,1120
150,1900-01-01 12:30:00,455,1142
151,1900-01-01 12:35:00,443,1142
152,1900-01-01 12:40:00,457,1142
153,1900-01-01 12:45:00,453,1142
154,1900-01-01 12:50:00,453,1142
155,1900-01-01 12:55:00,463,74
156,1900-01-01 13:00:00,524,1465
157,1900-01-01 13:05:00,493,1465
158,1900-01-01 13:10:00,497,1465
159,1900-01-01 13:15:00,508,1465
160,1900-01-01 13:20:00,515,1465
161,1900-01-01 13:25:00,511,1465
162,1900-01-01 13:30:00,519,1465
163,1900-01-01 13:35:00,525,1465
164,1900-01-01 13:40:00,516,1465
165,1900-01-01 13:45:00,518,1465
166,1900-01-01 13:50:00,505,1465
167,1900-01-01 13:55:00,513,61
168,1900-01-01 14:00:00,533,1725
169,1900-01-01 14:05:00,532,1725
170,1900-01-01 14:10:00,538,1725
171,1900-01-01 14:15:00,549,1725
172,1900-01-01 14:20:00,548,1725
173,1900-01-01 14:25:00,550,1725
174,1900-01-01 14:30:00,556,1731
175,1900-01-01 14:35:00,544,1731
176,1900-01-01 14:40:00,533,1731
177,1900-01-01 14:45:00,515,1731
178,1900-01-01 14:50:00,487,1731
179,1900-01-01 14:55:00,523,133
180,1900-01-01 15:00:00,488,1186
181,1900-01-01 15:05:00,482,1186
182,1900-01-01 15:10:00,496,1186
183,1900-01-01 15:15:00,500,1186
184,1900-01-01 15:20:00,500,1186
185,1900-01-01 15:25:00,497,1150
186,1900-01-01 15:30:00,496,1150
187,1900-01-01 15:35:00,498,1150
188,1900-01-01 15:40:00,500,1150
189,1900-01-01 15:45:00,491,1150
190,1900-01-01 15:50:00,466,1150
191,1900-01-01 15:55:00,447,101
192,1900-01-01 16:00:00,469,1288
193,1900-01-01 16:05:00,478,1288
194,1900-01-01 16:10:00,464,1288
195,1900-01-01 16:15:00,471,1288
196,1900-01-01 16:20:00,469,1288
197,1900-01-01 16:25:00,457,1282
198,1900-01-01 16:30:00,463,1282
199,1900-01-01 16:35:00,445,1282
200,1900-01-01 16:40:00,433,1282
201,1900-01-01 16:45:00,418,1282
202,1900-01-01 16:50:00,441,1282
203,1900-01-01 16:55:00,401,74
204,1900-01-01 17:00:00,381,663
205,1900-01-01 17:05:00,381,663
206,1900-01-01 17:10:00,324,663
207,1900-01-01 17:15:00,334,663
208,1900-01-01 17:20:00,319,663
209,1900-01-01 17:25:00,309,634
210,1900-01-01 17:30:00,302,634
211,1900-01-01 17:35:00,284,634
212,1900-01-01 17:40:00,257,634
213,1900-01-01 17:45:00,239,634
214,1900-01-01 17:50:00,204,634
215,1900-01-01 17:55:00,177,17
216,1900-01-01 18:00:00,189,258
217,1900-01-01 18:05:00,191,258
218,1900-01-01 18:10:00,203,258
219,1900-01-01 18:15:00,202,258
220,1900-01-01 18:20:00,206,258
221,1900-01-01 18:25:00,203,258
222,1900-01-01 18:30:00,209,258
223,1900-01-01 18:35:00,210,258
224,1900-01-01 18:40:00,199,258
225,1900-01-01 18:45:00,200,258
226,1900-01-01 18:50:00,197,258
227,1900-01-01 18:55:00,211,17
228,1900-01-01 19:00:00,201,145
229,1900-01-01 19:05:00,216,145
230,1900-01-01 19:10:00,204,145
231,1900-01-01 19:15:00,204,145
232,1900-01-01 19:20:00,195,145
233,1900-01-01 19:25:00,195,145
234,1900-01-01 19:30:00,184,145
235,1900-01-01 19:35:00,198,145
236,1900-01-01 19:40:00,195,145
237,1900-01-01 19:45:00,207,145
238,1900-01-01 19:50:00,199,145
239,1900-01-01 19:55:00,181,0
240,1900-01-01 20:00:00,197,21
241,1900-01-01 20:05:00,208,21
242,1900-01-01 20:10:00,209,21
243,1900-01-01 20:15:00,219,21
244,1900-01-01 20:20:00,203,21
245,1900-01-01 20:25:00,201,21
246,1900-01-01 20:30:00,209,21
247,1900-01-01 20:35:00,212,21
248,1900-01-01 20:40:00,196,21
249,1900-01-01 20:45:00,203,21
250,1900-01-01 20:50:00,195,21
251,1900-01-01 20:55:00,203,0
252,1900-01-01 21:00:00,204,0
253,1900-01-01 21:05:00,199,0
254,1900-01-01 21:10:00,204,0
255,1900-01-01 21:15:00,189,0
256,1900-01-01 21:20:00,205,0
257,1900-01-01 21:25:00,209,0
258,1900-01-01 21:30:00,203,0
259,1900-01-01 21:35:00,200,0
260,1900-01-01 21:40:00,189,0
261,1900-01-01 21:45:00,171,0
262,1900-01-01 21:50:00,210,0
263,1900-01-01 21:55:00,209,0
264,1900-01-01 22:00:00,203,0
265,1900-01-01 22:05:00,234,0
266,1900-01-01 22:10:00,229,0
267,1900-01-01 22:15:00,219,0
268,1900-01-01 22:20:00,215,0
269,1900-01-01 22:25:00,210,0
270,1900-01-01 22:30:00,224,0
271,1900-01-01 22:35:00,230,0
272,1900-01-01 22:40:00,231,0
273,1900-01-01 22:45:00,228,0
274,1900-01-01 22:50:00,217,0
275,1900-01-01 22:55:00,239,0
276,1900-01-01 23:00:00,227,0
277,1900-01-01 23:05:00,247,0
278,1900-01-01 23:10:00,245,0
279,1900-01-01 23:15:00,256,0
280,1900-01-01 23:20:00,251,0
281,1900-01-01 23:25:00,231,0
282,1900-01-01 23:30:00,247,0
283,1900-01-01 23:35:00,264,0
284,1900-01-01 23:40:00,255,0
285,1900-01-01 23:45:00,239,0
286,1900-01-01 23:50:00,228,0
287,1900-01-01 23:55:00,241,0
